SalespersonID,SalespersonName,Region
201,John Doe,East Coast
202,Jane Smith,west Coast
203,Alice Johnson,Midwest
201,John Doe,East Coast
204,John Doe,East Coast
201,Jane Smith,East Coast
202,Jane Smith,West Coast
203,Alice Johnson,Midwest
202,Jane Smith,west Coast
201,John Doe,East Coast
202,Jane Smith,Westcoast
203,Alice Johnson,Midwest
204,John Doe,East Coast
201,John Doe,East Coast
202,Jane Smith,West Coast
203,Alice Johnson,Midwest
204,John Doe,East Coast
201,John Doe,East Coast
202,Jane Smith,west Coast
203,Alice Johnson,Midwest
201,John Doe,East Coast
202,Jane Smith,West Coast
203,Alice Johnson,Midwest
204,John Doe,East Coast
201,John Doe,East Coast
202,Jane Smith,west Coast
203,Alice Johnson,Midwest
204,John Doe,East Coast
201,John Doe,East Coast
202,Jane Smith,West Coast
203,Alice Johnson,Midwest
204,John Doe,East Coast
201,John Doe,East Coast
202,Jane Smith,West Coast
203,Alice Johnson,Midwest
204,John Doe,East Coast
201,John Doe,East Coast
202,Jane Smith,West Coast
203,Alice Johnson,Midwest
204,John Doe,East Coast
201,John Doe,East Coast
202,Jane Smith,West Coast
203,Alice Johnson,Midwest
204,John Doe,East Coast
201,John Doe,East Coast
202,Jane Smith,West Coast
203,Alice Johnson,Midwest
204,John Doe,East Coast
201,John Doe,East Coast
202,Jane Smith,West Coast
203,Alice Johnson,Midwest
204,John Doe,East Coast
201,John Doe,East Coast
202,Jane Smith,West Coast
203,Alice Johnson,Midwest
204,John Doe,East Coast
201,John Doe,East Coast
202,Jane Smith,West Coast
203,Alice Johnson,Midwest
204,John Doe,East Coast
201,John Doe,East Coast
202,Jane Smith,west Coast
203,Alice Johnson,Midwest
204,John Doe,East Coast
201,John Doe,East Coast
202,Jane Smith,West Coast
203,Alice Johnson,Midwest
204,John Doe,East Coast
201,John Doe,East Coast
202,Jane Smith,West Coast
203,Alice Johnson,Midwest
204,John Doe,East Coast
201,John Doe,East Coast
202,Jane Smith,west Coast
203,Alice Johnson,Midwest
204,John Doe,East Coast
201,John Doe,East Coast
202,Jane Smith,West Coast
203,Alice Johnson,Midwest
204,John Doe,East Coast
201,John Doe,East Coast
202,Jane Smith,West Coast
203,Alice Johnson,Midwest
204,John Doe,East Coast
201,John Doe,East Coast
202,Jane Smith,West Coast
203,Alice Johnson,Midwest
204,John Doe,East Coast
201,John Doe,East Coast
202,Jane Smith,West Coast
203,Alice Johnson,Midwest
204,John Doe,East Coast
201,John Doe,East Coast
202,Jane Smith,West Coast
203,Alice Johnson,Midwest
204,John Doe,East Coast
201,John Doe,East Coast
202,Jane Smith,West Coast
203,Alice Johnson,Midwest
204,John Doe,East Coast
